{
  "eval_loss": 0.3164741098880768,
  "eval_accuracy": 0.8867060260586319,
  "eval_runtime": 5.0857,
  "eval_samples_per_second": 1931.678,
  "eval_steps_per_second": 30.281,
  "epoch": 3.0
}