{
  "overall": {
    "baseline_accuracy": 0.8867060260586319,
    "cartography_accuracy": 0.8883346905537459,
    "improvement": 0.0016286644951140072,
    "improvement_percentage": 0.16286644951140072
  },
  "by_difficulty": {
    "negation": {
      "baseline": 0.8734939759036144,
      "cartography": 0.8775100401606426,
      "improvement": 0.004016064257028162,
      "improvement_percentage": 0.40160642570281624,
      "count": 498
    },
    "low_overlap": {
      "baseline": 0.8715566944266496,
      "cartography": 0.8734785393978219,
      "improvement": 0.0019218449711723151,
      "improvement_percentage": 0.1921844971172315,
      "count": 3122
    },
    "high_overlap": {
      "baseline": 0.9214659685863874,
      "cartography": 0.9204188481675393,
      "improvement": -0.0010471204188481353,
      "improvement_percentage": -0.10471204188481353,
      "count": 1910
    }
  },
  "by_label": {
    "contradiction": {
      "baseline": 0.9029097387173397,
      "cartography": 0.9061757719714965,
      "improvement_percentage": 0.32660332541567527
    },
    "neutral": {
      "baseline": 0.8452935694315005,
      "cartography": 0.8487107797452625,
      "improvement_percentage": 0.3417210313762076
    },
    "entailment": {
      "baseline": 0.9110287303058388,
      "cartography": 0.9091751621872104,
      "improvement_percentage": -0.1853568118628357
    }
  },
  "examples_changed": {
    "fixed": 148,
    "broken": 132,
    "net_improvement": 16,
    "fixed_characteristics": {
      "negation_percentage": 4.72972972972973,
      "avg_word_overlap": 0.36977575483010267
    }
  }
}